file_name,label
images\10004,0.41803125
images\10019,0.001234725
images\10023,0.033719216
images\1003,0.99978286
images\10031,0.99994886
images\10073,0.9976229
images\10074,2.8167703e-06
images\10096,4.3073803e-07
images\10106,8.752853e-06
images\10114,0.9999113
images\10116,0.95801103
images\10126,0.28523457
images\10138,2.7657066e-05
images\10141,0.22707686
images\10171,0.958397
images\10172,0.9997646
images\10176,0.9561671
images\1020,0.01854164
images\10218,9.19143e-07
images\1022,0.99927217
images\10237,1.96284e-05
images\10248,0.79161954
images\10252,0.9977957
images\10257,0.01153173
images\1026,0.9961557
images\1027,7.664032e-05
images\10273,0.98034316
images\10276,1.009688e-06
images\10312,2.7977705e-05
images\10317,0.00043160972
images\10339,0.9659135
images\10344,1.9891321e-07
images\10352,0.9999528
images\10362,0.0007416027
images\10367,0.00012206001
images\10370,0.0002045005
images\10375,0.0020076223
images\10383,0.9999875
images\10386,0.9888784
images\10423,0.027695555
images\10425,0.9999908
images\10432,5.005218e-07
images\10455,0.9949062
images\10456,0.8602771
images\10467,0.000110075605
images\10468,0.632558
images\10480,0.22309802
images\10528,6.785477e-05
images\10540,0.095992565
images\10552,1.0117826e-06
images\1056,0.7850978
images\10561,0.9989479
images\10571,0.8479711
images\1058,7.529898e-10
images\10607,0.9962089
images\10620,0.99890494
images\10622,1.8743595e-08
images\10638,0.07389229
images\10640,4.4839467e-06
images\10644,0.00790236
images\10647,0.19930957
images\10655,0.14993891
images\10683,0.00028978678
images\10686,0.999995
images\10694,0.989026
images\10703,0.0007516752
images\10713,0.9994998
images\1074,0.22707902
images\10769,0.99999905
images\10770,0.2561706
images\10773,0.005168368
images\1078,0.9998093
images\10792,0.00012925487
images\1081,6.7838105e-06
images\10811,0.0004174429
images\10841,1.30810195e-05
images\10871,0.96649784
images\10879,0.014995052
images\10881,0.999059
images\10903,4.9573803e-08
images\10919,0.999912
images\10935,1.629703e-05
images\10956,3.4543348e-06
images\10992,0.00018346014
images\11019,7.534938e-05
images\11025,0.9977437
images\11026,0.99999845
images\11031,0.9999751
images\11100,0.24803247
images\1111,1.2020015e-06
images\11138,0.6412023
images\11140,0.9813535
images\11150,2.1936814e-06
images\11163,0.9986738
images\11192,0.64988136
images\11208,4.58639e-06
images\11209,0.96697456
images\1121,7.4733114e-05
images\11234,0.037530787
images\11236,3.1412008e-05
images\11241,0.008779786
images\11264,0.8859254
images\11280,0.9991689
images\11284,0.9999944
images\11295,0.6189125
images\1130,7.343111e-08
images\11316,0.6575051
images\11345,3.079258e-06
images\11346,0.509241
images\11349,9.4506225e-07
images\11392,2.7693616e-09
images\11398,0.98883367
images\1141,0.0006364353
images\1148,0.983344
images\115,0.98344594
images\11500,0.0030257283
images\11508,0.019652762
images\11516,3.048289e-05
images\1152,0.0011693505
images\11523,0.9999807
images\11530,4.4066608e-05
images\11549,0.007127895
images\11552,5.227115e-06
images\11558,6.625408e-05
images\1156,0.9999896
images\11573,0.01860847
images\11575,0.00466073
images\11581,0.99907136
images\11582,0.9999944
images\11588,0.87471145
images\1159,7.194357e-05
images\11594,9.9613764e-08
images\11601,0.9992519
images\11604,5.3270156e-07
images\11614,6.7053963e-07
images\11626,0.51442766
images\11637,5.871453e-07
images\11640,0.9062604
images\11646,8.461501e-06
images\11658,8.842838e-06
images\11662,0.9842956
images\11717,5.0844847e-08
images\11722,0.27532268
images\1173,0.9919933
images\11733,6.770716e-08
images\11746,0.99852127
images\11763,1.5038914e-08
images\11766,3.758462e-06
images\11772,4.991015e-05
images\11785,1.4136909e-07
images\11790,0.9979582
images\11793,0.0010006317
images\11794,0.9969067
images\11808,5.099705e-05
images\11814,9.155779e-06
images\11819,0.00014699184
images\11835,0.00021484042
images\11836,0.9976494
images\11842,0.00024834348
images\11850,1.436393e-05
images\11867,0.90308434
images\11876,0.9995908
images\11880,0.13381417
images\11885,0.5267013
images\11891,0.9999969
images\11909,0.9994906
images\11927,8.240801e-06
images\11966,0.99971324
images\11978,0.9983718
images\1198,0.49848053
images\12011,7.192448e-08
images\1202,2.3453662e-05
images\12024,2.2810804e-05
images\12040,0.9148481
images\12074,0.9991334
images\12092,1.0
images\12098,0.002409532
images\12113,0.5673629
images\12119,0.83377486
images\12120,3.473995e-09
images\12129,4.441912e-05
images\12141,4.0082355e-06
images\12190,0.9926513
images\12191,3.3386983e-05
images\12239,1.3887761e-06
images\12246,0.9985624
images\12257,4.6598674e-07
images\12267,0.9999988
images\12284,9.1428934e-05
images\12318,0.08522356
images\12321,1.2332595e-09
images\12329,8.799103e-06
images\12349,2.6532043e-06
images\12359,2.8302198e-05
images\12364,0.98829657
images\12376,4.966049e-07
images\12379,3.1203163e-05
images\12381,0.07158204
images\12410,1.975189e-07
images\1246,2.721682e-05
images\12487,0.00019534363
images\12492,0.9990282
images\12497,0.00028839684
images\12498,0.9623495
images\12512,0.99984527
images\12524,0.89921707
images\12547,0.99999595
images\12557,7.040457e-05
images\12560,1.08758795e-05
images\12581,1.0844153e-06
images\12591,0.9999682
images\12594,0.99985373
images\12600,1.0941471e-05
images\12611,3.8034283e-08
images\12621,0.9984478
images\1264,0.93808997
images\12648,0.9993383
images\12659,0.9843874
images\12661,0.97773105
images\12672,1.6586266e-05
images\12702,0.6571
images\12705,0.027791666
images\12725,3.6975885e-07
images\12729,0.036506787
images\12758,0.32389042
images\12772,0.0010918113
images\12776,0.0007154213
images\12789,0.37331828
images\12791,0.9107188
images\12818,0.99820185
images\12827,0.9998368
images\12861,3.2607975e-05
images\12899,0.9975744
images\12904,0.0017798007
images\12936,0.5909468
images\12951,1.3482245e-06
images\12956,5.4838097e-07
images\12957,0.00071965164
images\12958,0.99437875
images\1298,0.99916244
images\13000,0.91203034
images\13027,0.99826056
images\13037,0.0042787655
images\13051,0.6943676
images\13073,6.865685e-05
images\1309,1.0672866e-06
images\13091,0.5173297
images\13105,7.972748e-06
images\13108,0.9798575
images\13127,0.99470633
images\13139,2.3338956e-05
images\13150,0.9999858
images\13151,5.371195e-06
images\1316,0.000118104195
images\13162,0.9723788
images\13180,0.9787517
images\13187,0.9879159
images\13204,1.4619546e-06
images\13228,3.209761e-05
images\13283,1.3778458e-05
images\13293,0.9994555
images\13296,0.99992394
images\13317,0.004691131
images\13322,8.430384e-10
images\13339,0.99999833
images\1334,0.048243463
images\13348,2.436633e-05
images\13353,5.737632e-05
images\13363,2.9077398e-07
images\13366,0.9410107
images\13380,0.9878016
images\13385,1.5990923e-05
images\1341,5.7290265e-05
images\13421,0.9917344
images\13427,2.1029131e-05
images\13428,7.455943e-05
images\13449,3.2871572e-08
images\13456,0.00036686155
images\13476,7.9112095e-07
images\13483,0.9999944
images\13488,0.99998105
images\13502,2.8756382e-05
images\13505,0.03920923
images\13510,0.9988004
images\13526,0.0002134931
images\13528,0.0031584878
images\1353,0.9996972
images\13562,0.9631477
images\13570,8.815832e-09
images\13575,0.93693
images\13584,0.0013984945
images\13590,3.07606e-07
images\13598,0.8854481
images\13615,0.00035238217
images\13618,3.1241927e-06
images\13631,0.9607034
images\1364,0.96501696
images\13655,1.2119549e-05
images\13666,0.9999641
images\13703,1.8542466e-09
images\13706,0.0015047194
images\13714,0.99997723
images\13715,0.03916388
images\13726,0.9944706
images\13757,0.07452993
images\13761,0.0015082827
images\13792,0.008116701
images\13793,0.99999917
images\13801,0.9999896
images\13802,4.5581984e-08
images\1381,1.6822788e-07
images\13812,0.99977034
images\13833,0.004111245
images\13848,0.0005961535
images\13852,0.75860184
images\13870,0.73340917
images\13874,2.3232189e-05
images\13877,1.28011495e-08
images\13888,0.9861936
images\139,0.1753308
images\13907,0.51996577
images\13911,0.0011461999
images\13912,0.008242078
images\13925,3.0455038e-08
images\13940,0.9999502
images\1395,0.92074305
images\13955,1.0918517e-06
images\13968,0.362948
images\13969,3.6420481e-06
images\13979,0.61124474
images\13983,0.9999865
images\13991,1.5912648e-06
images\14048,0.9999995
images\14063,1.4612672e-07
images\14070,0.03681828
images\14092,3.1212286e-09
images\141,0.006101496
images\14106,0.97787684
images\14122,0.00056766404
images\14127,0.9998567
images\14136,0.9970402
images\14139,0.00015153688
images\14152,9.218011e-07
images\14155,0.45272154
images\14169,8.4603635e-06
images\1420,0.9062928
images\14208,0.97123396
images\14226,0.99936265
images\14236,4.3400596e-06
images\14250,0.99390453
images\14278,5.5683987e-08
images\14282,0.007754909
images\14292,4.5836603e-07
images\14310,1.4943838e-05
images\14314,1.1786226e-08
images\14327,9.5914265e-06
images\14346,0.99923813
images\14348,6.9640755e-06
images\14360,1.2891155e-06
images\14371,3.5942387e-06
images\14378,0.00010571406
images\14384,0.9693573
images\14388,0.9994904
images\14419,0.04013433
images\14427,0.0014829582
images\14448,2.221391e-08
images\14459,0.07941562
images\14464,0.9769126
images\14472,0.22950342
images\14473,0.00010189776
images\14474,0.9983309
images\14475,0.011439759
images\14484,0.9991487
images\14494,0.99854666
images\14505,0.9641227
images\14516,8.1778893e-07
images\14517,0.5127111
images\14518,0.43780324
images\14522,0.9524222
images\14524,0.8814825
images\14546,4.2033666e-06
images\14561,0.61727935
images\14572,0.9995679
images\14574,0.98619705
images\14578,0.99321556
images\14586,0.77990687
images\14593,0.025586812
images\14611,2.1038697e-07
images\14682,0.9988342
images\14696,0.99351645
images\14700,0.00016494619
images\14729,0.9999553
images\14730,0.0008209864
images\14757,0.00025188492
images\14759,0.9999465
images\14792,1.4341402e-06
images\1482,0.99961865
images\14835,0.9997497
images\14836,0.9981963
images\14877,1.2139434e-08
images\1491,0.0028001268
images\14965,0.03405611
images\14973,0.84184414
images\15039,1.6494337e-07
images\15052,0.9950631
images\15060,4.714756e-05
images\15077,0.3803135
images\15078,0.8988892
images\15090,0.9856366
images\15099,5.2518008e-08
images\1512,8.6777355e-08
images\15129,0.94709843
images\15145,0.9928824
images\15147,4.8181352e-09
images\15167,0.9999993
images\15169,0.99954164
images\15181,0.00019813565
images\15192,0.99950254
images\15208,0.97618175
images\15212,8.956882e-07
images\15216,0.06824327
images\15221,0.6869629
images\15229,1.3033223e-07
images\15257,0.0032246585
images\15269,0.029298289
images\15271,8.911489e-08
images\15289,0.9002354
images\15292,2.2356545e-07
images\15294,0.99991953
images\15310,0.2898492
images\15323,7.784846e-05
images\15331,0.58012354
images\15335,0.0031828089
images\1536,0.013711649
images\15365,0.6265829
images\15373,0.9959429
images\1538,0.005928562
images\15397,3.90029e-05
images\15400,0.0054999683
images\15409,4.7594213e-07
images\15426,0.27799454
images\15432,0.0001426693
images\15436,0.9999895
images\15438,3.094083e-08
images\15443,1.6630123e-05
images\15447,0.8746413
images\15455,0.0038464668
images\15462,0.9997004
images\15468,0.9933141
images\15484,0.9988815
images\1549,0.9932086
images\15494,8.258571e-08
images\15520,0.006739813
images\15523,3.4395677e-07
images\15534,0.99875
images\15535,0.9999987
images\15565,0.723878
images\15580,0.99899215
images\15589,2.95705e-07
images\15592,0.9952598
images\1560,0.00080384116
images\15613,0.9940842
images\15616,0.0005878998
images\15621,0.00045922052
images\15642,0.99981445
images\15657,1.0
images\15677,1.00014134e-07
images\15696,0.8866419
images\15697,0.99997485
images\15708,2.1197862e-07
images\15758,7.820362e-06
images\15767,0.78037894
images\15791,1.927005e-09
images\15795,0.928319
images\15843,4.6742458e-05
images\15854,7.015758e-07
images\15867,0.99871755
images\15885,0.9818393
images\15909,0.99999845
images\15910,3.9631085e-09
images\15929,0.9993414
images\15966,0.47410426
images\15976,1.36591245e-08
images\15983,0.10944549
images\16003,0.9207511
images\16010,0.9534624
images\16037,0.013822717
images\16042,0.0010966852
images\16053,0.95417535
images\16056,0.96135426
images\16064,7.656704e-05
images\16075,0.9997942
images\16076,9.905348e-07
images\16081,2.7409867e-06
images\16087,0.999974
images\16106,0.9750929
images\16108,4.191485e-09
images\16120,0.0013898232
images\16125,0.99964213
images\16141,4.882418e-06
images\16151,0.16224061
images\16192,1.4643309e-06
images\16198,1.060295e-05
images\16208,0.27266347
images\16238,1.0117122e-06
images\16275,2.746837e-08
images\1628,3.8442282e-05
images\16304,0.82732004
images\16308,1.2967186e-10
images\16338,0.4520453
images\16370,5.0413655e-09
images\16375,1.3666837e-08
images\16387,0.95785666
images\16388,0.99986196
images\1640,4.6121467e-09
images\16405,0.99093014
images\16407,0.3583473
images\16423,2.030869e-05
images\16443,0.9999721
images\16444,3.7472963e-09
images\1645,0.50909054
images\16460,0.4544152
images\16475,0.9994615
images\16511,0.2499017
images\16535,0.9983589
images\16550,0.20057826
images\16558,0.9872875
images\16562,2.8622428e-05
images\16583,0.00029289522
images\16588,0.000121214674
images\16596,0.008658544
images\16604,3.591586e-07
images\16611,2.6750413e-07
images\16619,0.0064534815
images\16633,5.790428e-08
images\16645,0.08786949
images\16649,1.8374759e-07
images\16667,0.0013132115
images\16699,3.2924328e-09
images\167,2.2747112e-05
images\1670,0.42640364
images\16700,1.0238693e-06
images\16706,0.9999995
images\16710,0.9999727
images\16712,0.004315032
images\16734,0.007117276
images\16738,0.018795189
images\16751,1.5682748e-06
images\16752,0.7159979
images\16759,0.19419791
images\16770,3.1516313e-06
images\16776,0.99978536
images\1678,0.9998336
images\16787,0.78363425
images\16795,5.114846e-06
images\16798,0.30592233
images\16799,1.0039655e-05
images\16809,0.00029351885
images\16818,8.009292e-08
images\16821,0.99759173
images\16837,0.5797947
images\16839,0.99854964
images\16863,0.10611914
images\16895,0.99999523
images\16938,0.9998286
images\16952,3.7385112e-11
images\16962,0.9740006
images\16967,7.420376e-09
images\16971,8.071475e-06
images\16985,0.9489978
images\1699,6.398606e-06
images\17002,0.6439324
images\17003,0.99930894
images\17007,0.002970572
images\17010,0.36575416
images\17011,0.96865886
images\17021,0.07535579
images\17022,0.0024711757
images\17032,2.1280786e-07
images\1704,0.98082584
images\17041,2.6508375e-09
images\1707,1.4146998e-06
images\17098,1.4260196e-07
images\17100,0.4481786
images\17104,0.04340928
images\17117,3.8203515e-07
images\17128,0.99726486
images\17188,0.00025322975
images\17194,1.5408654e-08
images\172,0.99999726
images\17206,0.99996257
images\17207,5.696368e-10
images\17215,0.9861011
images\17220,2.9449875e-08
images\17237,0.998823
images\17248,0.43009785
images\17257,0.99872273
images\17275,0.99825853
images\17279,0.9988997
images\17293,0.9483798
images\17297,0.9949968
images\17319,0.03102602
images\17331,0.13671689
images\17341,0.6935631
images\17363,0.9999051
images\17367,0.0013444026
images\17381,2.7339322e-08
images\17397,2.4675805e-08
images\17402,1.0343043e-05
images\17426,0.9972293
images\17432,0.81646836
images\17447,1.873232e-06
images\17462,0.032556348
images\17470,1.5439696e-07
images\17484,1.0039137e-08
images\17485,0.019876106
images\17494,0.00022703882
images\17498,6.1547594e-09
images\17506,0.05173196
images\1751,0.99627256
images\17518,0.9715253
images\17524,0.00030204904
images\17541,0.022911863
images\17543,2.0252301e-10
images\17552,2.0764212e-08
images\17597,0.9962329
images\17607,0.22495481
images\17609,4.70569e-08
images\17624,0.0008056287
images\17625,0.99996424
images\17654,0.005047784
images\17662,0.9697425
images\17666,0.99999416
images\17678,0.9988551
images\1768,7.1174845e-06
images\17682,4.8380286e-08
images\17684,0.0040026596
images\17692,0.00071458926
images\17694,0.0010222051
images\17698,4.3828684e-05
images\1770,2.2965486e-08
images\17713,0.93449444
images\17715,2.0399511e-05
images\17717,0.9420713
images\1772,0.29883263
images\17730,0.9666686
images\17746,0.9999944
images\17763,0.99954623
images\17767,0.9997347
images\17772,7.797393e-07
images\17775,0.9189089
images\1778,0.9999989
images\17784,0.9995079
images\17794,0.94154525
images\17799,3.4356115e-06
images\17802,0.004458123
images\17821,2.4096773e-05
images\1787,0.0014860159
images\17887,0.99991894
images\17904,2.054486e-06
images\17912,0.99860054
images\1793,2.668053e-06
images\17936,4.3113512e-05
images\18016,0.00024195791
images\18018,6.3771597e-07
images\18025,0.0037883522
images\18033,6.881814e-08
images\18037,3.7730567e-06
images\18047,0.99998677
images\18067,0.9985545
images\18080,1.0328695e-06
images\18082,8.3851845e-08
images\18101,0.99853075
images\18120,0.9995048
images\1815,0.09973653
images\18165,3.738073e-05
images\18173,1.290837e-05
images\18180,0.9960938
images\18193,0.99994326
images\18205,1.9523744e-05
images\18226,8.21293e-10
images\18237,6.8952424e-08
images\18245,3.4088366e-06
images\18249,0.40187898
images\18250,5.5197073e-05
images\18256,0.0049152565
images\18259,0.0007636313
images\18260,0.94595563
images\18270,0.982524
images\18297,7.267414e-06
images\18300,0.99992955
images\18308,2.0741156e-06
images\18345,0.8996283
images\18349,0.99383706
images\18361,0.9997243
images\18367,0.9999732
images\18381,0.9988708
images\18383,1.23333975e-05
images\18405,3.035486e-07
images\18424,0.3621323
images\18425,0.00030414027
images\18442,0.0100632785
images\18443,0.33699155
images\18457,0.86817104
images\18471,7.804053e-06
images\18475,0.9954882
images\18476,1.6822788e-07
images\18483,1.2965738e-05
images\18487,0.019647293
images\18503,1.02541456e-07
images\18505,0.00864712
images\18531,0.018623017
images\1854,0.9997502
images\18541,0.14908528
images\18550,0.9984732
images\18556,9.342852e-06
images\18568,3.7984904e-05
images\18573,0.9994824
images\18578,0.0027011838
images\18610,0.9999622
images\18655,0.0024538916
images\18662,2.3807163e-06
images\1869,7.244793e-06
images\187,2.1630707e-05
images\18700,0.0009900008
images\18729,0.00068628485
images\18732,0.9999999
images\18734,0.97413003
images\18783,1.1870737e-06
images\18822,0.0023778274
images\18827,0.16372074
images\18834,1.5041244e-06
images\18835,0.00039591134
images\18842,0.9905071
images\18849,6.2269027e-07
images\18855,0.9999726
images\18861,0.0019282849
images\1887,1.395494e-06
images\18872,0.99472296
images\18873,6.75013e-05
images\18885,2.8108025e-06
images\18888,0.9540104
images\18897,0.9999639
images\18898,0.027895028
images\18904,0.00036803732
images\1891,0.9994929
images\18914,0.999824
images\18927,0.99277747
images\18930,1.1580888e-06
images\18944,0.0021725087
images\18948,5.3939148e-06
images\18952,0.00021741295
images\1896,0.88306874
images\18962,0.999175
images\19008,8.572206e-06
images\19012,2.8633674e-05
images\19025,0.12201772
images\19029,0.9996569
images\19049,0.20126939
images\19056,0.67940354
images\19062,2.5138217e-08
images\19063,0.25367865
images\19074,5.419725e-07
images\19082,0.64200175
images\19084,0.99479103
images\19095,0.9977023
images\19105,1.2092854e-06
images\19127,0.47516686
images\19130,3.1367523e-05
images\19132,0.00045083807
images\19137,0.0002921637
images\19145,0.9981785
images\19148,1.1990723e-07
images\19160,2.24921e-05
images\19162,0.0001264724
images\19165,0.98045576
images\19179,0.52729505
images\1919,0.0006251423
images\192,0.22432624
images\1920,5.0315407e-08
images\19210,1.2511612e-06
images\19245,1.457472e-07
images\1926,0.99877805
images\19263,4.6496654e-05
images\19269,1.5312608e-05
images\19274,0.97597766
images\19284,0.004832119
images\19285,0.99999726
images\19291,0.9971614
images\19303,0.99555063
images\1931,0.8701996
images\19317,1.6540208e-06
images\19318,4.7696154e-05
images\19323,1.0596369e-07
images\19346,0.0009751655
images\19357,0.108379915
images\19364,0.9998117
images\1937,0.8477563
images\19370,9.621944e-06
images\19377,4.5818757e-05
images\19378,0.0055554886
images\1938,5.072568e-09
images\19384,0.6300703
images\19398,0.030015513
images\19402,0.9674997
images\19422,0.95324755
images\19438,1.2456764e-08
images\19449,0.010680973
images\19461,0.21253598
images\19470,0.93030214
images\19478,1.1755646e-08
images\19486,0.9998061
images\19492,3.1080147e-06
images\19496,3.133413e-05
images\19499,0.00013549185
images\19514,1.8589601e-09
images\1953,1.9051284e-07
images\19531,0.9751819
images\19535,0.96855426
images\19536,4.297391e-05
images\19548,0.9335198
images\19568,9.948013e-05
images\19578,0.3887872
images\19589,0.0022207617
images\19597,0.0087040365
images\196,4.633774e-10
images\19600,5.159016e-07
images\19605,0.017589461
images\19607,0.99990404
images\19663,0.7482444
images\19668,8.355506e-05
images\19674,0.99982256
images\19680,1.3380326e-08
images\19696,0.0009314523
images\19700,0.12619524
images\19709,1.185105e-07
images\19711,7.5816075e-05
images\1973,0.9999994
images\19731,0.9514025
images\1974,3.8526614e-06
images\19744,0.05339154
images\19747,0.00059830456
images\19748,9.128908e-06
images\19768,0.0037930408
images\19785,0.86476403
images\19799,0.87076014
images\19803,4.2159786e-07
images\19837,1.6705233e-07
images\19861,0.96924937
images\19864,0.9997243
images\19880,0.9997584
images\19883,1.6750295e-05
images\19889,0.0021630412
images\19893,0.95607674
images\19918,1.7678012e-07
images\19934,0.99997807
images\19957,0.0015647367
images\19958,0.00015958672
images\19962,0.0013857584
images\19968,1.3865741e-06
images\19969,0.97664034
images\19973,0.99546945
images\19975,0.9999987
images\20,0.99912554
images\2001,6.656923e-06
images\20023,3.0035364e-05
images\20025,2.1582142e-08
images\20032,0.6501427
images\20039,3.8203435e-10
images\20048,2.5678164e-08
images\20072,0.99960154
images\20073,0.9999479
images\20091,0.003386439
images\20104,0.9981071
images\20111,8.192133e-11
images\2012,0.084971346
images\20120,5.296606e-07
images\20122,1.2717854e-06
images\20140,2.5366227e-05
images\20155,0.016946381
images\20165,3.2176335e-06
images\20171,0.99999905
images\20181,0.15161094
images\20192,0.97754216
images\20193,0.9938153
images\20196,5.899467e-08
images\20208,0.0036171288
images\20213,2.4352935e-09
images\20216,0.023494888
images\20217,0.10379479
images\20218,1.122866e-05
images\20229,5.170165e-06
images\20239,0.076825164
images\20252,0.0013437675
images\20267,6.81596e-09
images\20285,4.2574854e-08
images\20296,0.07717568
images\20301,0.99997497
images\20313,0.9999864
images\20318,0.0041795024
images\20355,0.00034008952
images\20365,2.7207763e-05
images\20371,0.5550556
images\20377,4.912942e-05
images\2039,0.94923705
images\20395,0.9999269
images\20400,0.9990382
images\20412,0.0019921863
images\20430,6.6077564e-07
images\20445,4.631977e-06
images\20468,0.98829657
images\20469,0.9999933
images\20490,7.2016364e-06
images\20500,0.00013146909
images\20507,0.00059448875
images\20511,0.99778914
images\20519,8.5027054e-08
images\20547,0.015101125
images\20560,0.9998884
images\20561,0.035991568
images\20563,0.9999883
images\20567,7.0605333e-06
images\2058,9.954706e-07
images\20580,1.9544495e-06
images\20589,0.853669
images\20595,4.840181e-11
images\20616,2.4030842e-05
images\2064,0.0001593372
images\20650,0.8370848
images\20656,1.0
images\20666,1.1206228e-05
images\20667,0.0020703143
images\20675,0.9990225
images\20684,0.00078571984
images\20685,6.836768e-08
images\2069,6.5019856e-05
images\20745,1.175174e-07
images\20750,0.9997688
images\20821,6.6004066e-07
images\20829,9.396849e-06
images\2084,0.9999964
images\20850,1.9745387e-06
images\20857,4.9657178e-08
images\20865,0.0013391153
images\20866,8.1040325e-06
images\20889,1.17982076e-07
images\20908,0.9999813
images\2091,0.86938906
images\20918,1.7930643e-06
images\20941,8.484037e-06
images\20945,9.204814e-06
images\20949,3.9228604e-07
images\20958,0.00043363872
images\20964,0.99988925
images\20972,0.99709356
images\20979,0.9999945
images\20984,0.00020728259
images\20988,6.770716e-08
images\20994,0.041547913
images\210,1.946995e-06
images\21005,0.999653
images\21006,0.06796075
images\21027,4.0489904e-06
images\21029,0.0042423243
images\21033,0.00014154882
images\21036,0.99989986
images\21077,0.2020122
images\21078,0.9999392
images\21082,0.8856055
images\21097,0.09975374
images\21098,2.9306173e-05
images\21120,8.717058e-06
images\21143,0.8161404
images\21177,8.509327e-05
images\21185,1.7905291e-09
images\2120,0.011136145
images\21200,2.775586e-05
images\21201,0.9847875
images\2122,7.921793e-05
images\21221,0.9999552
images\21235,0.045002896
images\21249,0.99998426
images\21275,0.99853015
images\21282,0.91470057
images\21292,1.3077359e-07
images\213,6.198526e-06
images\21305,9.937655e-08
images\21312,0.9586826
images\21316,0.055070296
images\21324,0.999858
images\21348,1.3090485e-07
images\2135,8.531475e-08
images\2137,0.0018897788
images\21376,1.4762197e-06
images\21384,0.00030312134
images\21394,8.773626e-09
images\21428,0.9997812
images\21434,0.9664174
images\21439,0.0059206816
images\21441,0.00014811996
images\21460,1.225682e-06
images\21473,1.6193955e-09
images\21483,0.013195996
images\21501,0.04156107
images\2152,0.99277014
images\21524,3.6368547e-10
images\21531,0.992493
images\21535,0.9999883
images\21538,0.03983232
images\21549,0.9204519
images\2157,0.99158746
images\21574,6.0128103e-05
images\2159,3.5100414e-09
images\21593,0.13630995
images\21602,0.006357088
images\21605,1.2804912e-05
images\21618,7.1409594e-11
images\21632,0.96723026
images\21666,0.99997115
images\21681,0.5328121
images\21699,1.744149e-05
images\21708,0.0010568228
images\21715,0.9998598
images\21720,0.1595392
images\21750,2.7640497e-06
images\2176,0.9941572
images\21766,0.9996214
images\21769,0.88856304
images\21778,0.0007238824
images\21783,0.00048862223
images\21787,1.4057375e-09
images\2182,2.5253052e-05
images\21825,0.034045685
images\21835,3.3046962e-08
images\2184,5.691035e-07
images\21846,0.0070626717
images\21876,1.5059809e-05
images\21899,5.645517e-05
images\21927,1.880081e-08
images\21942,0.0009428424
images\21943,1.9883799e-05
images\21961,0.94551027
images\21968,0.9927739
images\21978,0.36035955
images\21988,0.9998808
images\21990,0.5555701
images\22004,0.99952495
images\22032,0.2848719
images\2204,9.658453e-06
images\22051,0.99957484
images\22056,0.054416392
images\22064,0.004803792
images\22067,0.9999864
images\22080,1.6255392e-08
images\22097,1.0261692e-05
images\22111,0.22937773
images\22117,0.9992624
images\22138,0.15789816
images\22140,3.7105673e-07
images\22150,7.272159e-10
images\22154,6.6675115e-05
images\22178,0.51933193
images\22179,5.4643994e-07
images\22191,0.0018795802
images\22194,0.00047139428
images\22201,0.37086457
images\22241,0.99982846
images\22247,7.831631e-07
images\22255,0.4289794
images\22271,0.73839855
images\22289,0.8877247
images\22290,4.6666042e-07
images\22301,0.67863953
images\2231,4.1619364e-07
images\22319,0.9991905
images\22335,0.9999474
images\22340,5.9181525e-07
images\22346,1.4113852e-05
images\22347,3.9214516e-09
images\22351,0.07269193
images\2238,0.7879557
images\22380,0.109946325
images\22388,6.211071e-06
images\2239,0.9999925
images\22390,0.99911445
images\22395,6.158024e-06
images\22416,0.99995756
images\22419,0.9538282
images\22424,2.105998e-05
images\22448,1.0
images\22449,0.994776
images\22452,0.99991035
images\22459,3.0401443e-07
images\22466,0.003462334
images\22506,0.8907965
images\22521,0.53447264
images\22532,3.574181e-06
images\22545,2.1876103e-06
images\2256,0.99921787
images\22560,9.136044e-10
images\22574,1.2319359e-07
images\22600,0.00036417219
images\22602,0.99573946
images\22604,0.002753932
images\22612,0.0025067101
images\22614,4.4335757e-06
images\22619,0.987435
images\22631,0.9947337
images\22651,0.8231864
images\22671,0.3981426
images\22679,0.02887101
images\22690,0.99769056
images\22704,0.83319
images\22711,0.001316522
images\22750,1.3158702e-07
images\22754,0.3244772
images\22761,0.72191685
images\22763,0.004708473
images\22765,0.6174071
images\22766,0.99999976
images\22778,5.874673e-07
images\2278,0.9998547
images\22784,0.00030773456
images\22804,0.00046062018
images\22805,0.0013770538
images\22808,0.99975866
images\22816,0.94078183
images\2282,0.00013970413
images\22834,2.6317412e-06
images\2284,6.029047e-05
images\22863,0.054180022
images\2287,3.1929996e-08
images\22894,5.002516e-06
images\22900,0.011046872
images\22910,8.602482e-06
images\2293,1.4074764e-05
images\22935,0.004030184
images\22937,0.9995716
images\22961,0.99999475
images\22977,0.9998847
images\22989,0.9006112
images\22991,5.6325437e-08
images\23028,0.08589594
images\2305,2.2325565e-07
images\23054,0.00016431104
images\23060,0.99431497
images\2307,1.1928343e-08
images\2308,6.454984e-05
images\23096,4.2753913e-05
images\231,0.99999976
images\23101,0.00011834951
images\23114,0.0019549374
images\2312,0.42956308
images\23122,0.0005797512
images\23170,0.0053169015
images\23220,0.9996495
images\23238,7.921777e-09
images\2324,1.8603765e-05
images\2327,1.5936303e-08
images\23293,0.25550652
images\23297,0.9998424
images\23304,0.99991083
images\23319,4.24825e-05
images\23320,0.8417703
images\23321,0.0073847356
images\23334,5.0720433e-07
images\23341,0.9900379
images\23374,0.99663407
images\23377,0.03671396
images\23380,2.3658013e-06
images\23381,0.00028897097
images\23407,0.9998659
images\23419,6.7059794e-08
images\23430,0.9999924
images\23440,4.86343e-07
images\23452,0.9909043
images\23453,1.9697802e-06
images\23462,2.864176e-05
images\23471,0.99965346
images\23483,0.90557253
images\2350,0.0021038314
images\23501,3.8486183e-07
images\23507,0.9941018
images\23525,2.8123895e-05
images\23542,0.94968057
images\23549,0.99985874
images\23555,2.6671238e-08
images\23559,0.014052095
images\23562,0.06406579
images\23572,0.000379997
images\23584,0.00025321162
images\23590,3.0285539e-05
images\23601,0.9988224
images\23612,3.6808167e-05
images\23621,0.004849704
images\23654,0.9998385
images\23658,0.99993575
images\23664,1.1995603e-08
images\23667,0.03249512
images\2367,0.9993799
images\23675,0.07012104
images\23700,0.99916804
images\23715,0.9478046
images\2374,4.6521894e-08
images\23748,0.9811307
images\23760,0.9999727
images\23764,0.99739873
images\2377,7.7608874e-08
images\23770,0.054614563
images\23779,0.7077066
images\23781,0.99999297
images\23786,0.0011364889
images\23792,0.85487676
images\23801,9.267132e-05
images\23813,9.827082e-09
images\23817,0.9778251
images\23829,0.9936207
images\23832,0.99999833
images\23848,1.1591845e-05
images\23853,0.9990656
images\23862,0.0015088007
images\23865,0.24514504
images\23866,0.10166398
images\23884,0.99999976
images\23891,1.922865e-05
images\23897,1.5354811e-09
images\23901,0.8598232
images\23905,0.9993492
images\23915,0.9993586
images\23920,0.0012827549
images\23933,4.0392792e-06
images\23945,0.99912924
images\23946,2.0281476e-07
images\23948,0.9999361
images\23965,0.99999785
images\23968,0.9641975
images\23978,0.99179333
images\23991,0.71518195
images\24013,0.99999774
images\24027,5.060129e-10
images\2403,0.7682585
images\24054,0.99792373
images\24055,5.2887277e-05
images\24057,0.9378754
images\24066,0.9941094
images\24077,0.000557874
images\24079,0.0011426416
images\24087,0.99999535
images\24099,0.029442042
images\2411,0.87401164
images\2412,0.9807057
images\24123,0.38333097
images\24133,0.9999486
images\24137,2.655417e-09
images\24148,3.8777236e-07
images\24160,0.9999969
images\24161,3.963364e-05
images\24168,0.99969447
images\24173,0.99994314
images\2418,0.9998808
images\24183,0.9999862
images\24189,0.032933984
images\24200,6.081576e-06
images\2421,1.0065346e-06
images\24211,0.00081428787
images\24217,0.969092
images\24219,8.530142e-05
images\24224,1.7330834e-05
images\24239,0.99991834
images\2424,0.014199333
images\24241,0.0032472597
images\24247,0.9999101
images\24259,0.002557807
images\24263,0.007774479
images\24286,1.0622038e-05
images\24289,1.2382452e-08
images\24292,7.17966e-07
images\24297,1.8342263e-11
images\24299,3.7222242e-07
images\2431,0.99975604
images\24329,0.99520314
images\24340,1.7863442e-05
images\24354,5.04394e-06
images\24355,0.0051803538
images\2436,0.092349045
images\24360,0.10530062
images\24363,0.6770822
images\24380,5.1030877e-09
images\24384,0.7295662
images\24390,2.6005074e-07
images\24391,6.4730465e-08
images\24393,0.06712196
images\24395,6.084164e-06
images\24410,0.2141088
images\24420,0.99959654
images\24421,0.20028506
images\24460,0.6357705
images\24465,4.026572e-08
images\24473,0.9998814
images\24492,0.99929345
images\2450,3.4543348e-06
images\24509,4.207874e-09
images\2451,0.9972582
images\24521,0.00012348861
images\24530,2.0505308e-07
images\24535,0.0526749
images\24536,0.22987047
images\24543,0.95818096
images\24545,0.99962354
images\24570,0.08935235
images\24582,0.8897651
images\24607,9.4910496e-07
images\24633,2.1271421e-06
images\24643,0.9647477
images\24652,1.410266e-08
images\24656,0.11481819
images\24664,0.97294766
images\24680,0.19877887
images\24692,6.870168e-08
images\24699,0.0027119077
images\247,6.052675e-06
images\24718,0.092219725
images\2472,7.115509e-06
images\24731,0.9999193
images\24736,0.9899458
images\24747,5.270366e-05
images\2476,0.999985
images\24764,4.9280516e-07
images\24769,1.7859584e-07
images\24777,0.00034472384
images\2478,0.9975102
images\24783,1.912589e-09
images\24823,3.4000932e-06
images\2483,0.0006638058
images\24845,0.0018634615
images\2485,0.8666704
images\24881,0.88844395
images\24884,0.9540078
images\24906,8.750024e-06
images\24909,0.9999491
images\24910,2.1837623e-06
images\24916,0.8482105
images\2492,1.9769352e-05
images\24942,0.0025586174
images\24946,9.107577e-07
images\2496,0.9900635
images\2499,0.99998736
images\25006,7.727961e-07
images\25017,1.169365e-07
images\2502,0.99211806
images\25025,0.91319346
images\25028,0.00044768106
images\25037,0.00014276702
images\25039,9.106699e-09
images\25048,0.6484879
images\25055,0.99795014
images\25058,0.016198099
images\25087,0.9380559
images\25117,0.99974304
images\25123,0.00027082724
images\25126,0.9996189
images\25163,0.00015042619
images\25180,3.2824777e-05
images\25186,0.0025559792
images\25199,3.2653742e-07
images\25211,0.4225726
images\25223,0.00025039006
images\25231,0.9981865
images\25240,0.9999951
images\25250,0.9967644
images\25271,6.7960876e-08
images\25275,0.09211539
images\25281,0.8870439
images\25287,0.0010111704
images\2530,0.9984244
images\25322,0.00021553063
images\25328,2.1523114e-05
images\2533,0.60191184
images\25330,0.9806732
images\25337,2.9756822e-05
images\25342,0.018561494
images\25348,0.96639663
images\25351,0.9999939
images\25356,0.98812497
images\25379,0.13601659
images\25381,0.9999976
images\25383,0.90666324
images\2539,0.01835248
images\25396,0.0025828294
images\25410,0.98030466
images\25412,0.9999429
images\25414,3.1563636e-07
images\25420,1.0362154e-09
images\25425,0.60206115
images\25431,1.8807476e-09
images\25438,0.99850637
images\25443,5.8456916e-08
images\25454,0.0108891465
images\2546,0.999959
images\25472,1.8739527e-07
images\25510,0.9969965
images\25517,0.14265259
images\25529,0.99997973
images\25533,4.379989e-06
images\2554,0.061747104
images\2556,1.5518992e-08
images\25576,0.99943644
images\25578,2.8375714e-06
images\25582,0.59531504
images\2559,5.5411903e-08
images\25597,0.999744
images\25602,4.5674333e-06
images\25604,2.6583712e-06
images\25632,0.9172072
images\25643,0.97834295
images\25649,3.6613724e-06
images\2565,0.99998176
images\25652,4.5870713e-10
images\25658,3.8302933e-05
images\25686,8.8075685e-05
images\25705,1.8175999e-06
images\25714,5.2520386e-06
images\25719,0.011414184
images\25720,1.2106068e-08
images\25744,2.1858002e-12
images\25747,1.4964261e-08
images\25759,3.1375524e-07
images\25775,0.5379346
images\25809,0.0033004468
images\25819,0.87898386
images\25832,0.99940753
images\25839,3.9354472e-07
images\25843,0.9006112
images\25887,4.0351645e-07
images\25902,4.9360904e-07
images\25920,0.6630245
images\25927,0.009744139
images\25937,3.027491e-08
images\25949,2.74642e-05
images\25961,0.6726011
images\25983,0.95383966
images\25985,0.98586965
images\25993,1.2655328e-06
images\26005,0.99999964
images\26006,0.9554512
images\26018,6.1953406e-06
images\2603,0.00027033867
images\26032,1.8509155e-08
images\26034,0.00014663122
images\26040,0.9896432
images\26046,0.0023055389
images\26077,0.05889139
images\26079,0.9197219
images\26098,1.289741e-07
images\26107,0.011410801
images\2611,3.4615208e-09
images\2615,0.9999999
images\26159,5.5760903e-09
images\26160,4.0015445e-07
images\26169,0.020169396
images\26198,0.9999988
images\2620,0.0021466303
images\26212,7.1585173e-09
images\26224,1.9179306e-06
images\26249,0.9997471
images\26269,0.99866295
images\26270,0.9761233
images\2629,5.6962045e-07
images\26292,0.87568283
images\26304,0.62653446
images\26313,0.9126304
images\26321,0.9999887
images\2633,0.9999225
images\26338,6.1045284e-05
images\26339,0.99261355
images\26346,0.71167135
images\2635,0.99915326
images\26355,0.99989986
images\26368,0.99924976
images\26370,6.510875e-08
images\26378,0.5911165
images\26397,0.0001856786
images\26398,0.99586606
images\2640,6.4563636e-08
images\26404,0.9999895
images\26443,0.9950551
images\26456,9.198685e-08
images\26459,7.711692e-06
images\26468,8.4591586e-05
images\26477,0.17077759
images\26484,0.9997987
images\2649,0.00029430038
images\26501,0.9938651
images\26511,1.6993856e-07
images\26543,0.01377067
images\2655,0.030879198
images\26563,7.223057e-07
images\26566,0.81737167
images\26573,0.9899833
images\26578,7.555976e-06
images\26581,0.99997497
images\26586,0.9998759
images\26600,0.9974655
images\26612,0.9999509
images\26660,3.7177214e-10
images\26665,4.184812e-05
images\26667,0.0009629412
images\26670,0.99973255
images\26675,0.9824174
images\26676,0.027342793
images\26683,0.9988574
images\26702,0.9502448
images\26703,8.3470714e-10
images\26720,0.00095148804
images\26736,2.0207261e-07
images\26747,0.32975593
images\26772,0.341362
images\26775,5.9843733e-06
images\2678,2.1036552e-05
images\26819,0.00054296816
images\26834,0.99729854
images\26840,9.350011e-09
images\26850,0.039355263
images\26873,3.0738977e-06
images\26888,0.000110700654
images\26891,4.4100158e-05
images\2690,0.31155992
images\26906,3.8528944e-09
images\26909,0.0012363602
images\26913,1.7225e-05
images\26935,7.573774e-05
images\26959,0.998642
images\26960,0.0022678203
images\26963,0.00013100145
images\26967,3.1723904e-08
images\26970,0.9182428
images\26978,2.2898597e-05
images\26981,0.0001601712
images\27005,0.99747497
images\27027,0.99275416
images\27035,0.99963164
images\27048,0.003482001
images\27051,3.699969e-08
images\27052,0.99988925
images\27105,0.018944291
images\27106,0.007811282
images\27117,0.9996979
images\27124,0.99636936
images\27128,0.048820343
images\27140,4.1679502e-07
images\27152,1.0646546e-08
images\27162,2.4903038e-08
images\27172,2.2225232e-07
images\27187,1.4015612e-06
images\27196,0.015983576
images\27197,0.00038269593
images\27204,0.12281749
images\27212,1.787475e-07
images\27227,0.00013994906
images\27246,3.0622614e-06
images\27258,0.94579077
images\27277,7.653836e-09
images\27292,0.9999999
images\27294,0.00041079937
images\2730,7.349744e-05
images\27305,0.99772567
images\27326,5.210682e-07
images\27333,0.008647631
images\27334,0.0009515316
images\27350,0.99997973
images\27365,1.9696682e-07
images\27367,1.855323e-08
images\27400,0.97453994
images\27404,8.3926655e-10
images\27407,0.0025836749
images\27410,0.99998856
images\27426,0.015421736
images\27446,8.6065177e-10
images\2745,2.8026573e-06
images\27450,0.9998789
images\27452,6.904612e-08
images\27461,0.99794155
images\27471,0.9997392
images\27474,0.0018144638
images\2748,0.99954563
images\27508,0.039413508
images\2751,0.9509479
images\27518,0.992455
images\27522,0.98833114
images\2754,4.6547367e-08
images\27554,0.52002215
images\27561,0.8249038
images\27562,0.2870299
images\27563,2.4377741e-05
images\27575,7.570104e-10
images\27576,0.9999393
images\27585,0.9905285
images\27588,0.9999753
images\27616,0.08338873
images\27619,0.38615045
images\27625,1.5308196e-07
images\27629,0.6054997
images\27636,8.5474835e-07
images\27645,0.0016764547
images\27647,0.0019365565
images\27648,0.0009530849
images\27662,2.6138943e-07
images\27671,1.974917e-06
images\27675,2.5456122e-06
images\27681,0.99996245
images\27694,0.9942356
images\27701,1.0343217e-09
images\2771,7.1263533e-09
images\27719,0.9999094
images\2774,0.00014434902
images\27759,0.62249774
images\27776,0.9999286
images\27779,0.16934389
images\27788,0.9986137
images\27810,0.95204633
images\27823,0.016812764
images\2785,0.9894644
images\27854,5.0253924e-08
images\27873,0.9999541
images\2788,0.987613
images\27887,0.9996309
images\2790,7.3535254e-08
images\27913,0.9951729
images\27928,0.9899698
images\27931,0.00016288202
images\27932,1.0531108e-07
images\27940,4.2664988e-06
images\27944,0.2432479
images\27948,0.99090236
images\27949,1.2645558e-10
images\2796,0.08114077
images\27993,0.99990606
images\28040,0.00011939324
images\28046,0.5016854
images\2805,2.899389e-09
images\28053,0.99996364
images\2806,0.0008392128
images\28073,0.9995351
images\28091,0.99999917
images\2810,0.00038537546
images\28100,0.9773047
images\28105,4.718048e-05
images\28108,0.95419157
images\28115,6.198408e-06
images\28137,0.3123351
images\28138,5.13437e-06
images\28140,0.010970017
images\28143,0.69122356
images\2816,2.8258832e-05
images\28171,0.99979156
images\2820,4.8060285e-09
images\28230,0.99996924
images\28249,0.0007761066
images\28252,0.9999969
images\28256,4.5424894e-08
images\28264,0.7807527
images\28272,0.9998721
images\28273,4.217249e-07
images\28282,0.0009740517
images\28294,0.9750114
images\28296,0.99999964
images\28367,0.87971824
images\28376,0.0012788787
images\28379,1.3687894e-05
images\28383,0.45004857
images\28396,0.99998987
images\28415,0.005796667
images\28424,0.9998933
images\28426,5.644637e-07
images\28465,0.99997973
images\28474,2.411296e-09
images\28502,0.08208714
images\28522,0.00010103701
images\28529,0.0001750148
images\28552,0.9997646
images\28555,0.9389389
images\28568,0.9994197
images\2857,0.09036903
images\28581,3.696172e-06
images\28590,0.00017506386
images\28594,0.0027759348
images\28596,0.9764836
images\28600,1.553317e-07
images\2861,8.353556e-06
images\28632,3.083838e-05
images\2867,1.1525852e-06
images\28676,3.943746e-06
images\28688,0.0002693325
images\28696,0.99442106
images\28700,0.9966834
images\28772,0.015657665
images\28794,0.999022
images\28797,0.0027826657
images\28807,1.4587302e-05
images\28814,0.0005957383
images\2885,3.998373e-05
images\28871,2.0074022e-09
images\28895,0.9988532
images\28897,6.7830274e-07
images\28928,1.1864324e-05
images\28934,0.00058159116
images\28938,6.0317907e-05
images\28949,7.775104e-06
images\28954,1.9183531e-10
images\28955,0.012954537
images\28962,0.0073315394
images\28963,0.0016523415
images\28966,0.9094068
images\28982,0.0020550508
images\29003,0.000117223535
images\29019,8.493906e-06
images\2902,0.9999995
images\29020,0.18487163
images\29058,0.9999765
images\29067,1.263996e-06
images\29071,7.832054e-09
images\29074,4.3470376e-05
images\29082,0.99924254
images\29111,1.0148876e-06
images\29112,0.0027704267
images\29121,0.9997187
images\29123,5.6727906e-08
images\2913,0.00078970566
images\29150,0.96768874
images\29185,0.0035103804
images\29194,0.96906114
images\29211,0.00027847584
images\29214,0.007304063
images\29226,0.61078686
images\29243,0.9950606
images\29248,0.52248293
images\29258,1.343593e-07
images\29290,0.012142834
images\29295,0.9874033
images\29298,0.99832445
images\2930,0.0015322515
images\29300,1.6211661e-06
images\29305,0.9911391
images\29318,0.99999094
images\29322,0.8704705
images\29329,0.059787247
images\2934,0.99973804
images\29365,2.9255214e-06
images\29370,3.5498922e-06
images\29379,0.9392497
images\2938,0.00032716952
images\29383,0.9994481
images\29398,6.904879e-11
images\29415,1.6369975e-05
images\29423,0.37454557
images\2945,0.93303
images\29456,1.2929289e-05
images\29460,4.914521e-07
images\29464,0.0143254055
images\29467,5.615996e-07
images\29475,0.00021190816
images\2948,6.3368235e-09
images\2950,0.995581
images\29504,2.92363e-05
images\29529,0.9999893
images\29553,0.99686253
images\29555,0.0012792777
images\29561,0.9933918
images\29578,0.0025726869
images\29580,1.755326e-07
images\29585,0.99189854
images\29589,3.0117505e-08
images\29617,0.99999785
images\29622,0.9999999
images\29627,0.7183017
images\29628,0.914638
images\29632,0.82092196
images\29645,0.0008013292
images\29647,1.780485e-05
images\29648,8.6330186e-07
images\29649,2.4480073e-06
images\2965,4.820495e-06
images\29652,0.4114215
images\29680,1.511901e-05
images\29692,0.99367744
images\29697,3.01835e-05
images\29699,0.0282705
images\29703,0.9999999
images\29707,0.0057212776
images\29724,0.00028154964
images\29756,0.9999877
images\29757,0.99999535
images\29766,0.82744527
images\29769,0.0008899485
images\29773,0.00035741006
images\29792,0.83911365
images\29819,0.9861011
images\29821,1.0027228e-09
images\29834,0.014783838
images\29835,0.8149576
images\29844,9.1089146e-07
images\2985,1.2841938e-06
images\29875,0.9716357
images\29889,1.4021347e-06
images\29897,0.99862933
images\29919,3.3668207e-10
images\29936,0.9999198
images\29937,0.80630404
images\29941,0.99921405
images\29970,0.8842565
images\29973,0.99050015
images\29979,0.00028640236
images\29981,0.0008457985
images\29987,0.0010399563
images\29991,0.03324966
images\29998,0.91066265
images\30,5.427993e-09
images\30001,0.99980074
images\30006,0.00020157399
images\30016,1.0505845e-06
images\30035,0.97646785
images\30045,0.9324455
images\30056,0.99996054
images\30069,0.008807699
images\3007,0.952843
images\30080,0.999846
images\30094,0.9992453
images\30099,0.0035525851
images\3010,0.00021731078
images\30102,2.9985569e-07
images\30104,1.0
images\30114,0.010444357
images\30118,0.99773276
images\30119,1.2338425e-10
images\3012,0.9982488
images\30127,3.3697136e-06
images\30143,0.149713
images\30144,0.99999094
images\3016,4.9662435e-07
images\30164,0.00079053314
images\30170,0.01628017
images\30181,0.96639663
images\30188,5.5529268e-05
images\30193,0.1840901
images\30216,9.954421e-06
images\30219,0.99997616
images\3022,2.3669237e-08
images\30221,0.79557645
images\3024,1.1342236e-05
images\30241,3.7710652e-09
images\30245,1.2962809e-05
images\30251,0.9855026
images\30274,0.9993969
images\30289,0.99520135
images\3029,1.3754031e-06
images\30292,0.99999905
images\30297,0.9722893
images\30326,0.9084981
images\30328,7.1531416e-05
images\30331,0.7864406
images\30332,9.799746e-11
images\30337,0.020171752
images\30338,0.000297622
images\30341,0.14709316
images\30358,0.9999287
images\30377,0.99968815
images\30400,4.779599e-07
images\30407,8.689892e-06
images\30410,0.99999607
images\30424,1.6586266e-05
images\30439,0.9991167
images\30440,0.9948323
images\30462,0.517708
images\30478,8.8990586e-05
images\30541,0.64479345
images\30552,0.98869866
images\3056,0.99996805
images\30565,0.07818027
images\30585,1.4706861e-06
images\3059,0.999736
images\30611,0.99974734
images\30646,6.553825e-11
images\30651,2.26701e-06
images\30652,2.2123272e-06
images\30661,0.00010677082
images\30675,8.676461e-08
images\30683,0.0005360671
images\30689,0.025291516
images\3069,1.842382e-07
images\30704,2.6604837e-07
images\30728,0.97993314
images\30737,1.7523569e-06
images\30738,0.0012576866
images\30749,4.9489237e-05
images\3075,0.956746
images\30763,0.9999912
images\3077,3.7897423e-06
images\30772,0.08436174
images\30779,1.51534505e-05
images\30789,0.99967635
images\30793,0.0009533382
images\30808,0.00044852615
images\30817,0.9999856
images\30818,0.97586447
images\30820,3.161103e-05
images\30822,2.7505697e-08
images\30823,1.8541574e-10
images\30825,1.15442404e-07
images\3083,2.9728271e-06
images\30830,0.00020466122
images\30835,5.8930334e-07
images\30851,0.0020343338
images\30853,0.9980773
images\30855,0.025712656
images\30856,0.8747276
images\3086,0.001861287
images\30867,0.9954358
images\30871,0.0140552595
images\3088,0.9993259
images\30893,0.0035631184
images\30909,0.4750218
images\3094,0.9999927
images\30948,1.3582372e-05
images\30951,0.0004917971
images\30961,0.000106213214
images\30962,0.005071118
images\30965,0.022834793
images\30981,0.89548653
images\31009,0.9999974
images\31010,0.85868925
images\31029,0.0001106615
images\31043,5.3762716e-07
images\31056,1.058368e-08
images\3106,0.0004897983
images\31068,5.954952e-06
images\31072,0.4755148
images\31080,6.66293e-05
images\31099,0.99922144
images\31101,1.6784264e-07
images\31104,0.9527273
images\31112,0.029425023
images\31113,0.51662993
images\31137,2.0930016e-05
images\31140,4.9366946e-09
images\31141,5.726858e-05
images\31145,0.00023067645
images\31149,0.7651304
images\3117,0.00024938464
images\3118,0.9991823
images\312,0.9996045
images\3120,7.406726e-07
images\31209,6.662093e-06
images\31239,6.6263936e-05
images\31248,0.99590504
images\31265,0.99751943
images\31285,1.9568505e-07
images\31295,0.00881257
images\3131,3.7764925e-09
images\31316,8.144673e-08
images\3132,0.0014349179
images\31328,0.99995553
images\31366,7.394619e-09
images\31367,0.9913283
images\3138,8.2505704e-07
images\31384,1.067739e-09
images\3139,0.99986374
images\31390,0.9977093
images\31409,0.99992526
images\31424,0.9272344
images\3144,0.00053062633
images\31440,1.405009e-08
images\3146,0.0006147412
images\31506,0.98131907
images\31510,0.62189364
images\31527,0.9982735
images\31534,0.97626096
images\31542,1.933163e-06
images\31551,2.7358785e-06
images\31571,0.13686752
images\31572,2.2113165e-06
images\3162,0.02756361
images\31627,0.0006244067
images\31629,1.2574132e-09
images\31634,0.9854387
images\31643,0.9998085
images\31653,0.99959797
images\31659,0.00033102385
images\31663,0.9867166
images\31665,0.28756866
images\31669,0.60768634
images\3169,0.9995993
images\31697,0.0007874423
images\31712,0.23329602
images\31720,0.999987
images\31742,4.3626744e-07
images\31752,4.352256e-07
images\31806,4.9209692e-08
images\31811,0.00010466947
images\3182,2.865612e-07
images\31833,7.285737e-07
images\31836,0.99769044
images\31853,7.165309e-07
images\31857,0.006463374
images\31858,0.0032696151
images\3187,0.99998283
images\31870,7.8067176e-05
images\31897,2.054784e-08
images\31908,0.009206242
images\31929,0.001496052
images\31952,0.0028534539
images\31977,2.91088e-06
images\31987,1.8744668e-08
images\32005,0.98625124
images\32029,0.9016846
images\32046,2.305437e-06
images\32047,0.00072013907
images\32048,2.7063444e-07
images\32051,0.85721517
images\3206,8.673389e-05
images\3209,1.5429659e-07
images\32139,0.99990535
images\32142,5.350854e-10
images\32144,4.5262346e-05
images\3215,0.044215932
images\32175,0.99975437
images\32177,0.0016233643
images\32183,0.9999143
images\32189,0.99999774
images\32202,0.9996246
images\32248,0.00027389475
images\32268,0.99855334
images\32296,0.9988555
images\32297,0.9999027
images\32344,3.52966e-08
images\3235,0.9999497
images\32354,1.0486845e-08
images\32372,6.9269895e-06
images\32377,0.0018782208
images\32382,0.058812432
images\32383,0.9998211
images\32388,0.00011163446
images\32394,0.99418795
images\32402,0.04894497
images\32422,0.99999785
images\32439,2.097197e-09
images\3245,0.57172227
images\325,3.148102e-10
images\3250,1.994305e-05
images\32541,1.4920037e-06
images\32544,1.962533e-05
images\32565,0.99982196
images\32568,4.228691e-07
images\32570,0.0062210774
images\32574,2.684239e-07
images\32580,0.999851
images\32582,0.99351805
images\32595,0.0001819291
images\3260,0.022282945
images\32607,7.679803e-06
images\32613,0.999992
images\32614,0.000100933685
images\32624,0.66317767
images\32627,1.942674e-07
images\3263,0.64780104
images\32684,0.036544476
images\32711,0.9778129
images\32725,0.40372893
images\32744,0.9974527
images\32763,0.07088447
images\32768,0.98627114
images\32769,7.041685e-05
images\32773,4.1922494e-06
images\3278,5.4432912e-05
images\32796,1.11435796e-07
images\32814,0.998546
images\32818,0.9972012
images\32826,0.0002955074
images\32835,4.0904735e-07
images\32836,0.69908845
images\32837,0.007859183
images\32838,1.1010754e-10
images\32843,0.99998677
images\32849,0.35982528
images\32859,0.0067632236
images\32861,0.99511343
images\32898,0.36103764
images\32903,0.9902304
images\32911,0.16364233
images\32913,5.2608966e-06
images\32917,1.2185225e-05
images\32932,0.9967938
images\32950,6.771207e-06
images\32952,8.249626e-07
images\32953,0.0045811273
images\32958,0.00072191213
images\32973,5.31026e-06
images\32982,0.9825373
images\32993,1.73002e-07
images\32997,0.0037366764
images\32998,2.3978638e-08
images\33016,0.0282723
images\33017,1.2373396e-06
images\33024,0.0004267447
images\33046,1.0080054e-06
images\33065,0.0021184061
images\33066,0.17249507
images\33071,0.013101391
images\33084,4.4439957e-08
images\33089,0.99995804
images\33091,5.0056856e-06
images\33094,9.693452e-05
images\331,5.4086777e-06
images\3313,3.1658437e-06
images\33144,0.00013861089
images\33152,0.99797314
images\33174,0.00045831068
images\33175,3.7392092e-06
images\3318,0.87672114
images\33188,1.7459051e-09
images\33212,1.4395156e-05
images\33213,0.5952996
images\33216,4.093437e-09
images\33227,0.6343523
images\33228,6.9813054e-06
images\33231,0.0017942659
images\33240,0.3541389
images\33247,0.99681336
images\33268,4.6088746e-05
images\33276,0.99355304
images\33283,1.7486874e-06
images\33295,0.99610656
images\333,1.541135e-07
images\33302,0.9606185
images\33319,2.2341921e-05
images\33320,0.25170216
images\33322,4.5991214e-08
images\33326,0.9884077
images\33331,0.9895377
images\33343,0.21289338
images\33357,1.1158404e-07
images\33366,0.001210152
images\33371,0.9986014
images\33373,0.93949217
images\33375,2.4633533e-07
images\33407,2.7073097e-06
images\33421,0.99561137
images\33423,5.2452236e-08
images\33455,0.6337268
images\33460,0.038953297
images\33463,9.17328e-08
images\33492,0.99999976
images\33516,0.99998343
images\33518,6.958891e-06
images\33523,0.951411
images\33525,7.517879e-08
images\33530,7.7121615e-07
images\33533,1.5793056e-08
images\33538,0.04932273
images\33544,0.10484323
images\33564,0.01122925
images\33610,5.030629e-07
images\33628,0.9940919
images\33636,0.0100685805
images\33640,0.9999957
images\33648,0.109564506
images\33660,0.00024721
images\33675,3.3072534e-05
images\33686,0.9993012
images\33690,3.0872278e-07
images\33691,0.9995245
images\33693,0.9999994
images\33727,7.392565e-05
images\33736,0.89471674
images\33747,0.2256718
images\33757,4.7760217e-08
images\33762,3.2608717e-05
images\3378,0.98982984
images\33780,0.99999046
images\33786,0.9997422
images\33802,0.00028975308
images\33807,0.32062867
images\3382,0.9994429
images\33820,0.9991781
images\33842,5.5854926e-08
images\33853,0.0002733167
images\33874,1.1820549e-05
images\33915,4.7112635e-06
images\33917,2.6105613e-06
images\33933,4.370025e-06
images\33936,0.999476
images\33938,1.795324e-05
images\33962,0.98895824
images\33981,2.0600637e-06
images\33988,0.99576783
images\34015,0.0022351374
images\3403,0.19869848
images\34049,5.5406705e-05
images\34057,0.0010482371
images\34070,0.58361506
images\34098,1.3635558e-07
images\3410,0.0003300923
images\34102,3.4081648e-05
images\3411,0.005668056
images\34119,1.1794201e-07
images\34121,0.999426
images\34129,0.16072959
images\3414,0.00012138043
images\34170,0.00045967972
images\34176,0.9989973
images\34195,0.99999106
images\34205,0.79587996
images\34219,7.896866e-10
images\3422,6.786762e-08
images\34226,6.737326e-08
images\34234,0.0031630972
images\34242,0.094755
images\34244,0.017408635
images\34250,0.99999654
images\34257,2.2563705e-05
images\34295,0.113248475
images\34302,3.1611333e-05
images\3431,0.00028987468
images\34316,2.1083667e-07
images\3433,0.99959296
images\34361,1.0927882e-06
images\34375,0.031555332
images\34386,0.0010984741
images\34387,0.18885893
images\34397,0.00012675903
images\34408,0.9999881
images\34412,0.006830625
images\34413,0.98891735
images\34427,0.9999956
images\34435,0.0004940265
images\34437,3.8174555e-08
images\34464,0.00014377893
images\34468,1.0742989e-06
images\3447,0.0060616313
images\34471,0.07428043
images\34477,0.99979013
images\34483,5.1393096e-07
images\34498,0.0004307802
images\34509,0.8083408
images\34510,0.030900745
images\3452,1.78222e-06
images\34533,0.99380374
images\34567,3.3348065e-06
images\34569,0.001566407
images\34585,0.0025701271
images\34599,1.9959883e-07
images\34600,0.0022746983
images\34605,0.9990349
images\34610,0.99999917
images\34629,0.9353836
images\34633,0.99399054
images\34644,0.00029615866
images\34645,0.0005725556
images\34649,0.0023853623
images\3465,1.8202632e-05
images\34679,0.9992046
images\34688,1.8215962e-06
images\34694,0.38561457
images\34720,4.6221005e-05
images\34724,0.006394653
images\34737,2.7259918e-07
images\34753,3.9297497e-06
images\34756,0.009829104
images\34759,1.1684064e-07
images\34761,9.7582955e-08
images\34768,2.174834e-06
images\3477,0.9964497
images\34772,2.1849894e-05
images\34788,0.9937737
images\34798,0.17585045
images\34799,0.9941005
images\34820,0.6652218
images\34827,0.92980707
images\34829,6.889585e-05
images\34836,4.018043e-05
images\34840,0.0013886336
images\34841,1.2583355e-05
images\34861,6.17186e-05
images\34905,0.6363044
images\34913,0.9404816
images\34917,0.9999728
images\3492,0.99997854
images\34941,0.24477433
images\34945,0.903569
images\34965,3.85023e-06
images\34969,5.7266305e-07
images\34978,0.449512
images\34985,0.9999925
images\34988,0.99981505
images\34991,0.973613
images\350,0.6997285
images\35030,0.7955689
images\35039,0.99626154
images\35043,0.927374
images\35058,0.94877815
images\3506,0.9997212
images\3508,0.6071588
images\35101,0.17357995
images\35116,0.9999187
images\35117,5.8444148e-06
images\35131,0.99989486
images\35142,3.6925286e-07
images\35148,0.93219876
images\35153,4.867283e-09
images\35163,1.0250222e-06
images\35177,0.00015951613
images\3518,0.99991953
images\35192,0.102687515
images\35199,0.00085079664
images\35200,6.76038e-08
images\35209,3.559157e-06
images\35214,0.9944265
images\35226,0.05569463
images\35291,7.697416e-10
images\35297,0.978646
images\35318,0.9997032
images\35321,1.062715e-06
images\35341,0.9611412
images\35346,4.460238e-06
images\35364,3.5923774e-06
images\35369,0.0004660948
images\35370,0.33236095
images\35372,3.074482e-07
images\35375,0.87310106
images\3538,0.0015167689
images\35386,0.99999964
images\35411,0.9998603
images\3543,0.06770994
images\35454,0.98902357
images\3546,0.99345
images\35481,1.7562721e-09
images\35497,0.0021954367
images\35520,0.9916956
images\35528,0.8745843
images\35536,3.8579234e-05
images\35547,1.6760298e-05
images\35552,0.03273199
images\35559,1.8911976e-05
images\35567,0.99969816
images\35582,1.1145944e-06
images\35598,3.1575246e-06
images\356,0.008132182
images\35603,6.2492586e-07
images\35605,0.9999851
images\35615,0.9999305
images\35639,0.990266
images\35659,0.9999994
images\35664,5.1072584e-05
images\35677,7.314378e-05
images\35685,1.9580893e-06
images\35691,0.99994314
images\35698,0.0001981572
images\3570,0.0012068909
images\35707,0.0018525223
images\35721,0.0011359644
images\35724,9.201205e-05
images\35737,0.0015240192
images\3574,0.23603275
images\35767,1.9994155e-07
images\35768,0.9895733
images\35771,6.1896186e-05
images\35787,0.94978535
images\35792,1.3433342e-07
images\35794,1.4859021e-09
images\35804,4.4036697e-06
images\35812,0.7539952
images\35850,1.6656412e-07
images\35856,0.00029174614
images\35860,0.0025241913
images\35869,6.5780528e-09
images\35873,0.9997323
images\359,0.99992263
images\3590,2.3872883e-07
images\3634,0.1628714
images\3647,0.39868185
images\3653,0.9999776
images\366,0.093281284
images\3661,0.9695235
images\3662,3.7196116e-08
images\3663,0.0021633995
images\370,2.0350024e-05
images\3731,0.99999964
images\3755,0.045867287
images\3763,8.163799e-09
images\3766,0.12831645
images\3767,0.9977035
images\3772,1.5888318e-05
images\3811,0.096129015
images\3818,0.00019478268
images\3825,0.99567884
images\3842,5.8257388e-06
images\3855,0.9953472
images\3869,0.9997482
images\3875,0.0001895236
images\3891,5.134453e-06
images\3906,0.0014139074
images\3922,0.2632587
images\3951,0.99999523
images\3958,7.3790136e-05
images\3959,0.70045894
images\3969,0.00021200135
images\3972,0.9999981
images\3977,0.00021985757
images\3978,2.196678e-07
images\3982,0.01652582
images\3988,0.99996114
images\4029,6.8130385e-06
images\4041,0.0019442507
images\4084,5.954959e-05
images\4090,1.953539e-09
images\4094,1.2873939e-07
images\41,0.008796085
images\4107,0.00031066057
images\4114,0.0025292255
images\4130,0.9999989
images\4133,0.009057395
images\4156,0.4850606
images\4159,8.109652e-06
images\4165,0.0029982948
images\4169,1.647368e-07
images\4174,1.6588644e-09
images\4182,3.4228432e-07
images\4185,0.01595883
images\4207,0.879574
images\422,0.35774136
images\4226,0.50186807
images\4233,0.6272077
images\4248,3.3453286e-08
images\4264,0.00019961546
images\4269,0.0002921528
images\4274,0.99997354
images\4284,0.18005921
images\4295,0.0124055855
images\4345,0.007525568
images\4363,0.0007596304
images\4366,0.11235929
images\4381,0.97950464
images\4389,0.99999404
images\440,1.9460872e-08
images\4412,0.018225532
images\4415,0.6145966
images\4433,0.0012426422
images\4441,0.9998896
images\446,9.948547e-06
images\4480,4.1915874e-10
images\4482,0.95579857
images\4485,0.014151823
images\4492,2.9377873e-07
images\4506,0.00024736775
images\4526,0.00044869463
images\4534,0.99488294
images\4549,1.3156033e-05
images\4558,7.568794e-09
images\4572,0.99998856
images\4576,3.1632223e-07
images\4580,0.0042959847
images\4589,5.829579e-06
images\4594,0.44833788
images\4596,0.41124517
images\4606,2.0228183e-07
images\4607,1.5713957e-05
images\4615,0.56755614
images\4620,1.2160307e-07
images\4624,0.15529697
images\4634,1.8593546e-08
images\4640,1.046162e-05
images\4649,0.00075269834
images\4653,0.001945641
images\4666,0.038835783
images\4697,0.98711467
images\4714,0.9999993
images\4734,0.99994147
images\4736,0.993028
images\4764,0.9996605
images\4771,0.9987136
images\478,0.59231085
images\4786,1.5428391e-07
images\4791,0.9971621
images\4797,0.0012157658
images\4803,0.0007700036
images\4811,0.99570364
images\4814,2.8677798e-06
images\4827,0.00016803636
images\4832,1.2987912e-06
images\4849,0.00016401787
images\485,0.00018054008
images\4860,0.995142
images\487,0.003344596
images\4910,0.05915146
images\4940,0.99999654
images\4948,0.017202148
images\4951,0.1029939
images\4958,0.32576284
images\4980,5.12451e-07
images\4987,0.9853147
images\4988,2.5923093e-05
images\4996,1.0381805e-06
images\5004,0.99999976
images\5006,4.00167e-06
images\5008,3.472957e-05
images\5048,5.0517247e-07
images\505,0.99206585
images\5055,0.48575178
images\5056,0.9999975
images\5058,0.55574644
images\5061,0.99106944
images\5062,3.06168e-06
images\5089,1.0691655e-05
images\5100,0.99477416
images\5101,0.9999968
images\5102,1.2865314e-06
images\5107,0.5542381
images\5127,5.0371233e-05
images\5147,0.9999845
images\5154,0.00034660252
images\5166,0.94367063
images\5176,7.4583414e-07
images\5177,0.90505147
images\5209,4.3972573e-06
images\5224,0.99791306
images\5229,0.9999012
images\5264,5.7748096e-08
images\5269,0.00038455083
images\527,0.008191287
images\5278,0.0027074532
images\5279,2.821683e-07
images\5289,0.2384878
images\5293,0.00051319675
images\5303,0.0002777456
images\531,0.342057
images\5318,0.008838177
images\5340,1.5719493e-07
images\5356,1.0944689e-07
images\5374,0.9421897
images\5417,2.7376373e-07
images\5435,0.41276386
images\5445,0.043986965
images\5452,1.6917146e-07
images\5466,0.9912806
images\5468,2.4374307e-07
images\5477,0.38432893
images\5490,0.13738348
images\5493,0.05594346
images\5523,0.00096592476
images\553,6.6581464e-07
images\5548,0.46587604
images\5558,0.07395629
images\5560,0.9999782
images\5594,0.17000802
images\5618,0.00047016516
images\5629,0.99990416
images\5642,0.9999136
images\5674,3.3546563e-05
images\568,2.704688e-07
images\5689,0.9999633
images\5694,1.5156171e-08
images\5705,8.624021e-05
images\5710,0.9885871
images\5714,0.001869332
images\5719,2.489203e-07
images\5753,2.53598e-07
images\5766,0.050681192
images\5783,0.00021154339
images\5797,3.2195087e-09
images\580,0.9994467
images\5800,3.752413e-05
images\5807,3.504235e-09
images\5812,1.6874183e-05
images\5835,0.012405522
images\5836,0.98990613
images\5857,3.488868e-05
images\5891,5.5537134e-07
images\5904,0.00019123392
images\5910,0.99963105
images\5919,0.041974556
images\594,0.011580107
images\5942,1.4662048e-06
images\5954,1.4898644e-08
images\5968,5.4477572e-05
images\5977,0.011694343
images\5988,0.00013633138
images\5995,0.99030834
images\6025,0.9993067
images\6029,1.7036149e-05
images\6033,0.9979691
images\6045,0.018242681
images\6052,1.9828851e-08
images\6095,3.223221e-08
images\6109,0.99999976
images\6110,1.0212046e-07
images\6123,0.0014301457
images\613,0.0031062549
images\6136,0.81240886
images\6137,0.0004699129
images\6149,0.99999726
images\6169,8.22233e-05
images\6175,3.342714e-08
images\6183,0.11358844
images\6187,0.9975962
images\62,8.061462e-08
images\620,7.296682e-10
images\6206,0.23963296
images\6215,0.99374044
images\6217,5.299168e-07
images\6246,1.0795318e-06
images\6265,4.9735925e-05
images\6272,0.0006142503
images\628,0.94831353
images\629,8.668074e-08
images\6304,0.999826
images\6312,0.9999993
images\6353,0.99908495
images\6368,2.7379185e-08
images\6378,1.0429454e-05
images\639,0.97597605
images\6394,2.8467819e-06
images\6400,0.99997985
images\6403,3.2499645e-07
images\6416,3.4721137e-09
images\6444,0.00022973832
images\6449,0.9989188
images\6457,0.00052119244
images\6459,0.9388084
images\6467,0.2865314
images\6473,1.785583e-05
images\6492,0.9998367
images\6500,6.244761e-08
images\6521,0.99999654
images\6522,0.022259094
images\6529,1.0
images\6532,0.23068221
images\655,0.021941084
images\6551,0.97255623
images\6557,0.8263879
images\6563,0.9999794
images\657,5.5802984e-11
images\6577,9.146006e-05
images\659,0.9862147
images\6603,3.522589e-07
images\6616,0.010083645
images\6645,0.9963158
images\6660,0.9996736
images\6677,2.2959135e-08
images\6686,0.00010225148
images\6689,6.8437487e-07
images\6691,0.00026424212
images\6700,0.0057919235
images\6703,0.03648136
images\6720,0.9673795
images\6735,0.9999081
images\674,0.0001370821
images\6744,0.22956012
images\6759,1.7884788e-06
images\6771,0.9996339
images\6776,0.000116687566
images\6784,9.215575e-09
images\6792,0.9992461
images\680,0.90095466
images\681,0.9956255
images\6811,0.0008936189
images\6818,1.023609e-07
images\6833,0.9993273
images\6860,0.9997837
images\6865,5.162056e-06
images\688,0.9953265
images\6897,0.99461395
images\690,4.9732666e-06
images\6901,5.5189917e-05
images\6904,0.9999291
images\6914,0.004497543
images\6915,0.99958533
images\6928,0.0008177014
images\693,0.21583189
images\6930,0.9998134
images\6935,2.25702e-06
images\6957,0.82174635
images\6960,0.9999471
images\6964,0.9999713
images\6977,0.0007503122
images\6989,0.005235565
images\70,0.99998903
images\7017,0.006072498
images\7020,1.108402e-05
images\7026,4.562144e-06
images\7029,0.0064212484
images\7030,0.40487006
images\7037,0.5835693
images\7039,0.20347765
images\7065,0.0036181267
images\7080,0.00024865955
images\7100,4.226963e-06
images\7116,2.419842e-05
images\7119,0.9999664
images\7121,0.8768601
images\7159,1.0636949e-07
images\7162,5.6487752e-05
images\7165,0.9985802
images\7191,1.9240852e-05
images\7200,1.6672298e-05
images\721,5.094158e-07
images\7232,0.99999535
images\7244,0.115098566
images\7245,4.266565e-05
images\7253,0.999995
images\7268,0.99046576
images\7275,0.99912447
images\7287,0.9999182
images\7292,0.6736342
images\7299,7.361177e-06
images\7301,0.98522085
images\7333,1.5344782e-06
images\7335,6.63133e-05
images\7337,0.95372754
images\7366,0.08489109
images\7371,0.9943973
images\7379,0.00011226632
images\738,0.008266135
images\7392,8.475293e-08
images\7400,0.99994564
images\7406,0.99942327
images\7413,7.2997204e-06
images\7425,0.9999622
images\7430,0.9874091
images\7441,2.961227e-07
images\7475,0.3623235
images\7502,0.6418134
images\7511,0.024849122
images\7531,3.5099908e-06
images\7532,0.08210029
images\7536,0.025306923
images\7537,0.010805194
images\7548,3.1427255e-05
images\7561,0.016025117
images\7566,0.999788
images\7569,0.9455816
images\7590,0.00038486565
images\7603,0.00057080976
images\761,0.99958724
images\7618,0.99985206
images\7623,0.99235666
images\7659,0.00010933141
images\7664,0.13151823
images\7672,1.657616e-08
images\7674,3.3242484e-09
images\7675,0.99985874
images\7679,0.99995184
images\7680,3.98675e-07
images\7700,5.085668e-08
images\7702,3.0153263e-08
images\7712,1.5148186e-07
images\7713,3.85699e-09
images\7724,0.84568983
images\7737,1.6970125e-08
images\774,4.0296226e-07
images\7753,0.01777109
images\7762,0.0010139782
images\7776,0.9739259
images\7804,2.014937e-08
images\7806,0.9989323
images\7813,0.0001353209
images\7815,8.717058e-06
images\7827,0.0010352983
images\7845,1.3377859e-06
images\7848,0.9999372
images\7877,0.96504873
images\7878,0.999992
images\7881,3.0717817e-06
images\7892,0.2037043
images\7905,0.00014371137
images\7916,0.00034991463
images\7943,0.9998062
images\7948,0.00034187976
images\7962,0.9659398
images\7963,0.99996257
images\7975,0.0007319001
images\7976,0.8310524
images\798,0.99999034
images\7986,0.00026587158
images\8,3.9335006e-05
images\80,8.046005e-09
images\800,0.9999951
images\8020,0.0033914556
images\8027,0.024670154
images\8034,1.9272343e-07
images\8039,0.9987494
images\8049,2.503151e-09
images\8056,0.6348147
images\8065,6.451612e-05
images\8082,2.4734922e-07
images\8086,6.9882764e-05
images\8089,1.2169211e-06
images\8098,0.99203825
images\8099,0.9999244
images\8102,0.99348277
images\8146,0.9999769
images\8164,0.99849665
images\817,8.914079e-07
images\8188,6.3457497e-09
images\8197,0.9570777
images\8203,0.99999976
images\822,0.8025999
images\8223,0.9999925
images\8228,2.0437092e-05
images\8238,0.99985695
images\8252,0.9999144
images\8266,0.98860675
images\8268,0.00094076275
images\8276,4.242532e-06
images\8284,0.008410746
images\8293,0.084228314
images\8301,0.00044218538
images\8303,4.9344426e-06
images\8316,5.0142336e-07
images\8322,0.0135957
images\8331,1.8134878e-06
images\8333,0.9999634
images\8334,8.305704e-05
images\8338,2.5029514e-08
images\8355,0.00013051729
images\8390,0.99425274
images\8424,0.0072267605
images\8430,0.9999565
images\8434,5.0845443e-05
images\8449,8.8780844e-08
images\8457,1.1713227e-05
images\8473,5.2210726e-05
images\8525,0.99895525
images\8539,6.1526695e-09
images\8548,4.9943097e-05
images\8559,0.17731498
images\856,5.0841837e-08
images\8580,0.9943973
images\8614,0.9981635
images\8639,0.9998165
images\8649,0.441298
images\8657,8.7755545e-08
images\8659,0.99999917
images\8662,4.7461364e-07
images\8677,8.710416e-09
images\8682,5.096131e-07
images\8691,0.6847454
images\8702,0.9992059
images\8704,7.1548203e-07
images\8718,0.97652686
images\873,0.048626695
images\8738,0.9999937
images\8753,3.969607e-09
images\8756,0.072381444
images\8761,0.8895555
images\8762,3.0940275e-05
images\880,0.2739049
images\8814,0.19360651
images\8820,5.658332e-08
images\8834,0.99917126
images\8851,0.8729931
images\8861,0.0014510135
images\8864,1.2764411e-05
images\8876,0.99964213
images\8886,0.8079599
images\8892,0.9998547
images\8915,0.0019016286
images\8925,0.99875546
images\8940,0.00031404878
images\895,0.18090141
images\8953,0.9998814
images\8955,0.999969
images\8958,0.99342996
images\8960,0.00096268527
images\897,0.029019468
images\898,0.019654881
images\8993,0.00011529528
images\9005,0.03126039
images\9006,0.9972664
images\9028,0.9999924
images\906,0.00046349276
images\9060,0.00063576875
images\9066,0.9999999
images\9070,0.55495095
images\9071,2.8694458e-06
images\9073,0.99752825
images\9082,0.9943837
images\9085,3.3137104e-07
images\9087,0.8215915
images\9094,3.1106458e-07
images\9119,0.9962998
images\9142,0.9871631
images\9147,8.6419335e-05
images\915,0.9994135
images\9152,1.19119395e-05
images\9167,2.792559e-06
images\9171,0.9983279
images\9174,6.9553265e-05
images\9180,4.5744605e-06
images\9202,5.6719205e-06
images\9206,5.3766522e-05
images\9219,0.99990916
images\922,0.99181706
images\9222,1.2522664e-06
images\9238,0.62913936
images\9246,0.9348455
images\9267,0.95615536
images\9272,0.0026041225
images\9286,0.03092471
images\9327,0.9721835
images\9338,0.9999969
images\9371,2.872532e-07
images\9387,0.9999217
images\9392,1.9912224e-05
images\9405,0.9920685
images\9412,0.4866169
images\9416,0.0001464676
images\942,0.0058335443
images\9437,2.0070777e-06
images\9442,0.0022320342
images\9454,0.9988802
images\9457,0.9999826
images\9459,0.99723923
images\9463,0.99943405
images\9465,0.99096745
images\9476,5.9489667e-09
images\9486,0.009147732
images\9498,0.99364674
images\9508,0.93567127
images\951,2.3461274e-07
images\9538,0.07356316
images\9542,0.011970118
images\9548,0.8636107
images\9570,0.004351155
images\9571,6.110943e-07
images\9598,0.0019987938
images\9599,2.7913959e-05
images\9605,0.15995696
images\9640,0.17840473
images\9687,0.032658186
images\9689,0.99995506
images\9693,0.9985039
images\9713,0.9920372
images\973,0.0046217088
images\9769,0.9817328
images\977,0.99965715
images\9774,9.569959e-05
images\98,0.9999995
images\9800,0.19275545
images\9833,0.0012838684
images\9841,0.9767867
images\9845,0.00080726045
images\9864,0.9927341
images\9865,6.466802e-08
images\987,0.9998363
images\9885,0.99883443
images\9889,0.8165189
images\9890,6.555743e-06
images\9893,0.00056301116
images\9897,0.00043999706
images\9901,2.3435687e-05
images\9923,0.9997111
images\9933,0.044116847
images\9977,3.5938367e-08
images\9979,3.7704552e-08
images\9984,0.99637705
